{
  "method": "isotonic",
  "x": [
    0.0,
    0.01,
    0.02,
    0.03,
    0.04,
    0.05,
    0.06,
    0.07,
    0.08,
    0.09,
    0.1,
    0.11,
    0.12,
    0.13,
    0.14,
    0.15,
    0.16,
    0.17,
    0.18,
    0.19,
    0.2,
    0.21,
    0.22,
    0.23,
    0.24,
    0.25,
    0.26,
    0.27,
    0.28,
    0.29,
    0.3,
    0.31,
    0.32,
    0.33,
    0.34,
    0.35000000000000003,
    0.36,
    0.37,
    0.38,
    0.39,
    0.4,
    0.41000000000000003,
    0.42,
    0.43,
    0.44,
    0.45,
    0.46,
    0.47000000000000003,
    0.48,
    0.49,
    0.5,
    0.51,
    0.52,
    0.53,
    0.54,
    0.55,
    0.56,
    0.5700000000000001,
    0.58,
    0.59,
    0.6,
    0.61,
    0.62,
    0.63,
    0.64,
    0.65,
    0.66,
    0.67,
    0.68,
    0.6900000000000001,
    0.7000000000000001,
    0.71,
    0.72,
    0.73,
    0.74,
    0.75,
    0.76,
    0.77,
    0.78,
    0.79,
    0.8,
    0.81,
    0.8200000000000001,
    0.8300000000000001,
    0.84,
    0.85,
    0.86,
    0.87,
    0.88,
    0.89,
    0.9,
    0.91,
    0.92,
    0.93,
    0.9400000000000001,
    0.9500000000000001,
    0.96,
    0.97,
    0.98,
    0.99,
    1.0
  ],
  "y": [
    0.0,
    0.0,
    0.01384083044982699,
    0.01384083044982699,
    0.04201680672268908,
    0.04201680672268908,
    0.04201680672268908,
    0.07042253521126761,
    0.1111111111111111,
    0.1111111111111111,
    0.13333333333333333,
    0.14864864864864866,
    0.14864864864864866,
    0.17647058823529413,
    0.17647058823529413,
    0.17647058823529413,
    0.17647058823529413,
    0.17647058823529413,
    0.22935779816513763,
    0.22935779816513763,
    0.22935779816513763,
    0.22935779816513763,
    0.22935779816513763,
    0.2727272727272727,
    0.27450980392156865,
    0.27450980392156865,
    0.27450980392156865,
    0.27450980392156865,
    0.27450980392156865,
    0.27450980392156865,
    0.27450980392156865,
    0.3333333333333333,
    0.3333333333333333,
    0.3793103448275862,
    0.3793103448275862,
    0.4365482233502538,
    0.4365482233502538,
    0.4365482233502538,
    0.4365482233502538,
    0.4365482233502538,
    0.4365482233502538,
    0.4365482233502538,
    0.4365482233502538,
    0.4365482233502538,
    0.4365482233502538,
    0.4365482233502538,
    0.4365482233502538,
    0.4365482233502538,
    0.5249390367851139,
    0.5276752767527675,
    0.5276752767527675,
    0.5276752767527675,
    0.5276752767527675,
    0.5276752767527675,
    0.5276752767527675,
    0.5276752767527675,
    0.5276752767527675,
    0.5276752767527675,
    0.5276752767527675,
    0.5276752767527675,
    0.5276752767527675,
    0.5276752767527675,
    0.5276752767527675,
    0.5276752767527675,
    0.5276752767527675,
    0.5276752767527675,
    0.5276752767527675,
    0.5714285714285714,
    0.5714285714285714,
    0.6296296296296297,
    0.6296296296296297,
    0.7088607594936709,
    0.7088607594936709,
    0.7088607594936709,
    0.7088607594936709,
    0.7088607594936709,
    0.7088607594936709,
    0.7088607594936709,
    0.7142857142857143,
    0.8181818181818182,
    0.8220858895705522,
    0.8220858895705522,
    0.8220858895705522,
    0.8220858895705522,
    0.8220858895705522,
    0.8220858895705522,
    0.8220858895705522,
    0.8220858895705522,
    0.8220858895705522,
    0.9107142857142857,
    0.9107142857142857,
    0.9107142857142857,
    0.9107142857142857,
    0.9358974358974359,
    0.96875,
    0.9771428571428571,
    0.9771428571428571,
    0.9771428571428571,
    1.0,
    1.0,
    1.0
  ],
  "domain_min": 0.0033002375566141876,
  "domain_max": 0.985077641895878
}